{
	"data": {
		"description": "如何让宝宝们意识到，一个有序的家庭是一切的开始。观看这段小视频你就知道啦！",
		"duration": 66,
		"fileName": "736.mp4",
		"fromMonths": 3,
		"id": 62,
		"img": "/img/video/301.jpg",
		"tags": [{
			"id": 8,
			"name": "玩具和游戏"
		}, {
			"id": 11,
			"name": "家庭环境"
		}, {
			"id": 9,
			"name": "日常作息"
		}],
		"title": "为了宝宝，保持整洁",
		"toMonths": 6,
		"viewCount": 1035
	},
	"recommends": [{
		"description": "如何权衡婴儿床和地板床孰优孰劣？",
		"duration": 65,
		"fileName": "1150.mp4",
		"fromMonths": 9,
		"id": 171,
		"img": "/img/video/558.jpg",
		"tags": [{
			"id": 10,
			"name": "睡眠"
		}],
		"title": "用不用婴儿床",
		"toMonths": 12,
		"viewCount": 1014
	}, {
		"description": "鼓励宝宝换用玻璃杯喝水，会比您预想的要容易得多。当您为他们示范这一技能时，他们一定会为自己变得更加独立而享受其中的。",
		"duration": 64,
		"fileName": "3085.mp4",
		"fromMonths": 9,
		"id": 261,
		"img": "/img/video/618.jpg",
		"tags": [{
			"id": 13,
			"name": "饮食"
		}],
		"title": "由捧起玻璃杯过渡到用水杯喝水",
		"toMonths": 12,
		"viewCount": 1085
	}, {
		"description": "你的婴儿喜欢通过视觉、嗅觉、听觉和触觉认识世界。给他们营造一个安全、多彩的区域，让他们随心所欲地去探索，帮助他们成长。",
		"duration": 68,
		"fileName": "7528.mp4",
		"fromMonths": 0,
		"id": 393,
		"img": "/img/video/846.jpg",
		"tags": [{
			"id": 7,
			"name": "行为和情感"
		}, {
			"id": 9,
			"name": "日常作息"
		}],
		"title": "学习不能分心",
		"toMonths": 3,
		"viewCount": 1184
	}, {
		"description": "婴儿在半夜醒来很正常，但是家长的反应会对孩子造成影响，孩子要么学会自己继续睡，要么就必须等父母安抚了才能睡着。",
		"duration": 66,
		"fileName": "1140.mp4",
		"fromMonths": 3,
		"id": 167,
		"img": "/img/video/552.jpg",
		"tags": [{
			"id": 10,
			"name": "睡眠"
		}],
		"title": "让宝宝一觉到天明",
		"toMonths": 6,
		"viewCount": 1192
	}]
}