{
	"currentPage": 1,
	"data": [{
		"description": "如何通过有趣的游戏培养婴儿的专注力，避免孩子注意力分散？观察孩子的兴趣点。",
		"duration": 65,
		"fileName": "3139.mp4",
		"fromMonths": 0,
		"id": 269,
		"img": "/img/video/691.jpg",
		"tags": [{
			"id": 7,
			"name": "行为和情感"
		}, {
			"id": 9,
			"name": "日常作息"
		}],
		"title": "不打扰才能提高专注力",
		"toMonths": 3,
		"viewCount": 1199
	}, {
		"description": "你的孩子看镜子时会发生什么情况？这段视频展示了如何使用镜子来帮助你的宝宝培养自我意识。这样做也很有趣！",
		"duration": 65,
		"fileName": "3835.mp4",
		"fromMonths": 0,
		"id": 307,
		"img": "/img/video/521.jpg",
		"tags": [{
			"id": 8,
			"name": "玩具和游戏"
		}, {
			"id": 14,
			"name": "活动和锻炼"
		}],
		"title": "孩子，这里在看你",
		"toMonths": 3,
		"viewCount": 1045
	}, {
		"description": "那么多种玩具可以摇动和发出咯咯声！这段视频介绍了能使处于早期发育阶段的宝宝受益的各种玩具。",
		"duration": 65,
		"fileName": "3844.mp4",
		"fromMonths": 0,
		"id": 308,
		"img": "/img/video/522.jpg",
		"tags": [{
			"id": 8,
			"name": "玩具和游戏"
		}, {
			"id": 14,
			"name": "活动和锻炼"
		}],
		"title": "了解婴儿玩具",
		"toMonths": 3,
		"viewCount": 1196
	}, {
		"description": "为宝宝创造一个井然有序和相互尊重的环境，会对他们的成长有着深远影响。来学几个小技巧，让您的宝贝陶醉在安宁的氛围里吧！",
		"duration": 72,
		"fileName": "3853.mp4",
		"fromMonths": 0,
		"id": 309,
		"img": "/img/video/527.jpg",
		"tags": [{
			"id": 7,
			"name": "行为和情感"
		}, {
			"id": 11,
			"name": "家庭环境"
		}],
		"title": "环境会影响孩子的成长",
		"toMonths": 6,
		"viewCount": 1132
	}, {
		"description": "哺乳期的妈妈们如何保持健康的饮食，以保障宝贝和自身的健康。",
		"duration": 65,
		"fileName": "839.mp4",
		"fromMonths": 0,
		"id": 87,
		"img": "/img/video/368.jpg",
		"tags": [{
			"id": 13,
			"name": "饮食"
		}],
		"title": "为哺乳期妈妈准备的小建议",
		"toMonths": 9,
		"viewCount": 1087
	}, {
		"description": "想要睡在宝宝旁边吗？这段视频介绍了放在妈妈旁边的摇篮可使宝宝保持舒适和安全，并且使母乳喂养更加容易。现在，宝宝很舒适！",
		"duration": 65,
		"fileName": "4396.mp4",
		"fromMonths": 0,
		"id": 343,
		"img": "/img/video/500.jpg",
		"tags": [{
			"id": 10,
			"name": "睡眠"
		}],
		"title": "让孩子安全地睡在父母旁边",
		"toMonths": 3,
		"viewCount": 1163
	}, {
		"description": "你知道你的小婴儿此时此刻就想要就进行他们人生的第一次对话吗？在你孩子说出第一个单词之前，他们在嘴里嘀咕，做出各种肢体动作，想要和别人交流。马上来学习如何协助孩子的这一成长吧。",
		"duration": 66,
		"fileName": "4696.mp4",
		"fromMonths": 0,
		"id": 356,
		"img": "/img/video/847.jpg",
		"tags": [{
			"id": 7,
			"name": "行为和情感"
		}],
		"title": "重视婴儿的第一次对话",
		"toMonths": 3,
		"viewCount": 1082
	}, {
		"description": "如果妈妈们正考虑为宝宝储存母乳，那么这集短片提供了几个安全便捷的冷藏妙招。",
		"duration": 67,
		"fileName": "4705.mp4",
		"fromMonths": 0,
		"id": 357,
		"img": "/img/video/850.jpg",
		"tags": [{
			"id": 13,
			"name": "饮食"
		}],
		"title": "宝宝的快餐？",
		"toMonths": 3,
		"viewCount": 1047
	}, {
		"description": "这一系列短片为您介绍了如何设立一个有条理的卫生区，怎样维护宝宝的口腔健康，以及在为宝宝做清理时如何进行亲子联结等等内容。",
		"duration": 53,
		"fileName": "4717.mp4",
		"fromMonths": 0,
		"id": 360,
		"img": "/img/video/889.jpg",
		"tags": [{
			"id": 4,
			"name": "卫生"
		}],
		"title": "宝宝的卫生小贴士",
		"toMonths": 3,
		"viewCount": 1123
	}, {
		"description": "这集短片告诉你如何给妈妈创造一个安逸的环境让哺乳的过程变得愉悦。",
		"duration": 66,
		"fileName": "891.mp4",
		"fromMonths": 0,
		"id": 109,
		"img": "/img/video/392.jpg",
		"tags": [{
			"id": 13,
			"name": "饮食"
		}],
		"title": "皇后级待遇的哺乳区",
		"toMonths": 6,
		"viewCount": 1063
	}],
	"pageCount": 14,
	"status": 0,
	"total": 131
}