[{
	"fileName": "736.mp4",
	"id": 62,
	"img": "/img/video/301.jpg",
	"title": "为了宝宝，保持整洁",
	"type": "video"
}, {
	"fileName": "1186.mp4",
	"id": 184,
	"img": "/img/video/585.jpg",
	"title": "站着换尿布",
	"type": "video"
}, {
	"fileName": "8830.mp4",
	"id": 496,
	"img": "/img/video/835.jpg",
	"title": "通过检验的玩具",
	"type": "video"
}, {
	"id": 1150,
	"img": "/img/article/1469418903_45277.jpg",
	"title": "孩子不爱学习",
	"type": "article"
}, {
	"id": 1151,
	"img": "/img/article/1469418960_18583.jpg",
	"title": "儿童攀比心理",
	"type": "article"
}, {
	"id": 1152,
	"img": "/img/article/1469419009_73697.jpg",
	"title": "孩子内向",
	"type": "article"
}, {
	"id": 1119,
	"img": "/img/article/1469175062_41090.jpg",
	"title": "认字",
	"type": "article"
}, {
	"id": 1120,
	"img": "/img/article/1469175510_6903.jpg",
	"title": "身心发展",
	"type": "article"
}, {
	"id": 1121,
	"img": "/img/article/1469175579_22111.jpg",
	"title": "能力培养",
	"type": "article"
}, {
	"id": 1122,
	"img": "/img/article/1469175660_27833.jpg",
	"title": "儿童生活习惯培养",
	"type": "article"
}]



